source,author,comment,published_at,like_count
Reddit,AutoModerator,"**Please help keep AskUK welcoming!**

- When replying to submission/post please **make genuine efforts to answer the question given**. Please no jokes, judgements,  etc.

- **Don't be a dick** to each other. If getting heated, just block and move on.

- This is a strictly **no-politics** subreddit!
        
Please help us by reporting comments that break these rules.

*I am a bot, and this action was performed automatically. Please [contact the moderators of this subreddit](/message/compose/?to=/r/AskUK) if you have any questions or concerns.*",2025-11-06 14:48:42,1
Reddit,Y-Bob,"It's a quietly, perhaps secretly, unhappy dad being taken back to his glory days that he misses but then realising that what he has now is so much more precious than any memories of his youth.",2025-11-06 15:03:54,20
Reddit,RareHorse,"It's very emotional and resonating if you grew up in that decade, and you went to clubs in the 90s and now you're a father or mother with kids. If none of that applies to you then I can understand why it wouldn't really mean anything.",2025-11-06 15:07:42,14
Reddit,dbltax,"As Charlie Brooker put it over a decade ago, they're just [adverts for shops](https://www.youtube.com/watch?v=G9eGSsXLRB0).",2025-11-06 14:51:30,26
Reddit,WillYeByFuck,"Don't get it at all.

Dogs Trust Ireland did one a few years ago with the knitted owner and I STILL CRY thinking about it. 

WARNING: Do not watch at work, you will cry:

[https://www.youtube.com/watch?v=\_HKLDJ-PvR4](https://www.youtube.com/watch?v=_HKLDJ-PvR4)",2025-11-06 15:07:04,8
Reddit,Chubby_nuts,"The only thoughts are why is the release of a Christmas advert news worthy? Every year certain brands get free advertising on the news, breakfast TV and daily magazine shows as though it was some huge event. 

Pisses me off.",2025-11-06 15:07:24,7
Reddit,seadoubleyou73,I think you need to have teenage children and a history of clubbing in the 90s,2025-11-06 14:51:54,16
Reddit,Educational_Skirt_81,"I think it resonated with me because I could really put myself in the boy‚Äôs shoes. I can remember that nervous, unsure of yourself kind of time. When you put yourself out there and try to do something thoughtful and meaningful for your dad, especially if you don‚Äôt have any other way of showing emotion, that is hard.",2025-11-06 14:56:07,11
Reddit,alouicia,It is a giant rip off of the film Aftersun.,2025-11-06 15:54:10,4
Reddit,BillyJoeDubuluw,"I think because John Lewis have done a couple of really big and well received Christmas adverts people seem to wait in suspense for what they will come up with next and it‚Äôs largely never as good as expected anymore, but the expectation has become the default all the same‚Ä¶¬†

To be honest, the aesthetic isn‚Äôt even unique either - M&S have been tugging on the nineties heartstrings with a Rhythm Is A Dancer sample in one of their Christmas ads this year‚Ä¶¬†

Boots served a somewhat similar vibe albeit with an eighties banger (Smalltown Boy) a couple of years ago‚Ä¶¬†

I‚Äôm admittedly starting to feel like I‚Äôm creeping towards becoming an old fart the more I hear these songs being used in a ‚Äúretro sense‚Äù‚Ä¶ and I personally love the music they have sampled‚Ä¶ but I don‚Äôt think it‚Äôs a magnificent and iconic advert by any stretch and I have a totally first hand experience of the 1990‚Äôs as an era‚Ä¶¬†",2025-11-06 15:14:21,3
Reddit,ZoltanGertrude,Yawn. Bored with that genre. It's had its day.,2025-11-06 15:29:05,3
Reddit,InfiniteBaker6972,"If you don‚Äôt like it, that‚Äôs fine. No one likes everything all the time.",2025-11-06 15:34:36,3
Reddit,Effective_Taro4601,"It‚Äôs fucking November, that‚Äôs what makes me cry about Christmas ads.",2025-11-06 15:44:26,3
Reddit,btmptn,I literally felt nothing and started wondering if I am missing out something huge in life by not having children.,2025-11-06 15:48:31,3
Reddit,Successful_Ad_2888,I enjoyed Aftersun when I saw that idea the first time,2025-11-06 16:06:28,3
Reddit,Drbuckles55,"Just saw it for the first time. To be honest I don‚Äôt think it delivered the tone that they‚Äôd intended. The son looks like he‚Äôs coming up on the dance floor üòÇ At first I thought it was an advert on the danger of drugs.¬†
Certainly didn't feel warm and festive.¬†",2025-11-06 17:37:19,3
Reddit,GenuinelySaggy,Christmas ads running for 1 day in every 6 of the year is nuts.,2025-11-06 15:05:14,4
Reddit,IcyPuffin,"Its like all the other Christmas adverts. I cant really be bothered with it. 

I also cant see much connection between the advert and the shop. Unless they have turned into a record shop.",2025-11-06 15:11:14,2
Reddit,Old_Guarantee473,https://preview.redd.it/7edvzf7cxnzf1.jpeg?width=700&format=pjpg&auto=webp&s=a0927a969958cb1f5a65f5b0f86b57f7966f83ee,2025-11-06 16:22:54,2
Reddit,InnocentaMN,Honestly think it‚Äôs rubbish. Doesn‚Äôt make me want to buy anything from them.,2025-11-06 14:59:47,5
Reddit,Best-Interaction82,"It was John Lewis that had the horrific cover of Somewhere Only We Know by Lily Allen, which had so many complaints that they withdrew it, auto-tuned it and now pretend it was never that bad in the first place (it's still mediocre even with the autotune). But I remember. I remember how fucking awful her singing was. And now I just feel like I'm being aggressively lied to by all christmas adverts.",2025-11-06 15:35:54,1
Reddit,Inkblot7001,My only thought is that it is not even December !,2025-11-06 15:42:57,1
Reddit,missuseme,I don't get how anyone can enjoy any advert. Its like discussing what your favourite piece of junk mail or which scam calls you like to receive. Madness,2025-11-06 16:19:16,1
Reddit,RecentTwo544,"Alison Limerick will be having a bumper Christmas that's for sure. Bet the cheque for that one was enormous.

I'm surprised it isn't re-charting, obviously not having as big an impact as previous JL adverts.

Having just watched it though, two things spring to mind -

1. I never understand how much talk there is around an advert I could have made myself. Not exactly big budget is it?
2. How does a two minute long TV ad air? I don't watch broadcast TV these days, but that must cost an utter fortune? They can't be showing an edited version, it wouldn't make sense if bits were cut out.",2025-11-06 16:22:05,1
Reddit,xxPlsNoBullyxx,Much prefer the [Mr Blobby version ](https://youtu.be/rM3qHuh5dEc?si=-6NA9VfBWi_n7NjD).,2025-11-06 21:28:49,1
Reddit,LetterheadLopsided26,"I took it to mean he used to sing the song to the baby and the kid kinda remembered and it was a big ole ‚ÄòI know I‚Äôm a scabby teenager but I do actually love you anyway‚Äô. 

May I offer this version instead?
[John Lewis Advert Alternate Ending](https://www.youtube.com/watch?v=f4p0lBZm83M)
(Hope this formats correctly üò¨)",2025-11-06 21:32:38,1
Reddit,Far-Hospital-9961,"Do you have children? If not, I can see why it might not resonate. Similar to a previous poster, I read it as a Dad being taken back to his ‚Äúglory days‚Äù through the music, but then realising that giving that up to have his babies was worth it and more. I wasn‚Äôt clubbing in the 90s; I was clubbing in the late noughties/early tenties, but having had a baby of my own recently and coming to terms with having given so much up for my son (while simultaneously gaining something far more) it did really bring a tear to my eye.",2025-11-07 16:59:40,1
Reddit,Entire_Advantage9448,"It‚Äôs not really an advert though. It‚Äôs a 2-minute story which touches on some serious emotional themes: nostalgia in adults, fatherhood, love for family and how hard it can be for Brits (especially men) to communicate their feelings.
I think it‚Äôs a masterpiece.
The first time I watched it I was struggling to hold back the tears and I am neither a father nor do I have a history of clubbing in the 90s.",2025-11-07 18:41:42,1
Reddit,Disastrous_Stand8741,Great song. Shite advert.,2025-11-08 13:03:07,1
Reddit,Klingon_War_Nog,Have you got kids and did you go clubbing before you had them?,2025-11-08 13:25:16,1
Reddit,Badger268,I love it.From someone that never had a Dad but love that song it resonates with me.We don‚Äôt all have a perfect family.God knows I had nothing.Makes me cry every time I watch it.,2025-11-08 15:21:48,1
Reddit,Square-Success-4655,I think it's a cracking ad. It highlights the utter power of music for me - thumbs up.,2025-11-08 16:00:14,1
Reddit,zoltan_g,"I just saw that for the first time.

Wtf? Absolute bollocks. Why are people raving about it?

It's a cringe advert for a bloody shop.",2025-11-08 19:58:14,1
Reddit,ChrisRR,Do John Lewis sell records?,2025-11-08 23:15:12,1
Reddit,Runaroundheadless,Zee row. Merry xmas shopping.,2025-11-08 23:29:02,1
Reddit,kylehyde84,Don't care,2025-11-06 15:03:57,1
Reddit,KissMyBadSelf,"I cried. Maybe because I'm an old with teenage kids (and a notorious blubberer) but with a little empathy, anyone can feel it. But it's just an advert for a shop. I think it works ('if you can't find the words, find the gift'). Maybe it's not for you. That's OK too!",2025-11-06 15:43:07,1
Reddit,chewmypaws,"There's no way that the dad was a sweaty pill head in the 90s. He was the old bill raiding the rave.

Overall I hate it because it tries very hard to be something it obviously isn't... Feels slightly parasitic. Fuck off and leave our subculture alone.",2025-11-06 15:36:27,1
Reddit,Tumeni1959,"If you don't like music, if you've never collected music, if you've never looked back with fondness on LPs inherited from your father, looking at the treasured one(s) that friends gave them as going-away presents when the family moved the length of the country ..... then you probably don't get it. 

But that's fine. It brought a lump to my throat.",2025-11-06 15:50:14,1
Reddit,Round_Engineer8047,"I agree that the use of it is a cynical ploy but as a short film in itself, it's quite moving. 

Parents of teenagers can become anxious that their kids are drifting away from them and also feel a contradictory pride in seeing their offspring moving towards independence. This can be confusing and provoke guilt for partially wishing that time would stand still and our role remain constant.

Males are notoriously repressed, in general, in showing feelings and teenage lads go through an awkward phase. The advert makes use of that father/son dynamic and subverts it at the end with a hug.

Then there's the nostalgia vibe for Gen Xers.

While the use of all this is emotionally manipulative, the ad is well acted and skillfully constructed. I have to confess, as a sentimental bloke, it did make me tear up. I feel quite angry at John Lewis for pulling my strings in that way in order to sling product. It makes me not want to shop there. 

Credit due to the filmmakers and actors though.",2025-11-06 17:12:39,1
Reddit,reocoaker,"OK, thanks for sharing.",2025-11-06 15:39:17,0
Reddit,supperfash,"I think anyone who has seen it is lacking in mental capability by watching tv. 
Anyone who feels the need to have an opinion on having seen it has probably had a lobotomy.",2025-11-06 15:05:57,-10
Reddit,blingblongblah,"I think you‚Äôve nailed it. 

I didn‚Äôt club in the 90s (later) nor is my son a teenager but I do miss my clubbing days and it made me imagine what it may be like when by son is that boys age. 

I personally love the advert. I also love the fact dads have been represented in an advert, it‚Äôs the first time I feel like I‚Äôve been ‚Äòseen‚Äô like that.",2025-11-08 22:26:28,2
Reddit,spittingparasite,"I was 18 in 1991, I have teenage kids; the whole thing left me cold.",2025-11-06 15:49:33,8
Reddit,chewmypaws,I find it completely the opposite and so do my pill head mates from the 90s. ü§∑‚Äç‚ôÇÔ∏è,2025-11-06 15:37:28,5
Reddit,HomeworkInevitable99,"Exactly. I have never understood the fuss. If you want to watch a drama (or whatever it is you consider it to be) then just watch drama. 

It's an advert moved me emotionally, I've would switch it off immediately because that means it is manipulating me.

(And yes, I know, all adverts manipulate me even if I don't know it and nobody is immune and everybody thinks they are immune. That's why I never watch adverts. They are wasting my time).",2025-11-06 15:57:24,1
Reddit,RecentTwo544,"I can't believe I don't remember that, loved Screenwipe and his yearly reviews. The bit about Morrisons making people cum is hilarious.",2025-11-06 16:10:51,1
Reddit,spittingparasite,"I've got to go out today, runny mascara was not part of the plan.",2025-11-06 15:52:04,2
Reddit,Square-Success-4655,Lot's of people like it though - so it can't be bad can it.,2025-11-08 15:58:09,1
Reddit,DameKumquat,Aka the John Lewis target market.,2025-11-06 15:04:28,19
Reddit,RecentTwo544,Most people I know who had a history of clubbing in the 90s don't remember much of it!,2025-11-06 16:23:37,5
Reddit,Upbeat_Map_348,I have both of those and still didn‚Äôt get it.,2025-11-06 16:03:09,3
Reddit,PipkinsHartley,"Agree. I'm the exact target audience and found it really moving. There's also something really special about connecting with older teens over music, you've come past the tricky 'I hate you!' phase and are moving into a more adult to adult space. It's brilliant :)",2025-11-06 15:13:14,5
Reddit,Entire_Advantage9448,"I am neither a father, nor do I have a history of clubbing in the 90s and I found it incredibly moving. We‚Äôre all kids or parents at some point so I think everyone can relate.",2025-11-07 18:43:25,1
Reddit,zoltan_g,I do and it's still a shit advert.,2025-11-08 19:58:48,1
Reddit,ireddit_breddit,"We've had our tree up a month now....

I'm admitting this in a tiny corner of the interwebz so no one will find it....",2025-11-08 09:49:21,2
Reddit,electricmohair,"John Lewis adverts hardly ever show what the shop actually sells, they just advertise the idea of giving.",2025-11-06 15:29:22,2
Reddit,cloud__19,Would you have bought things from them if it had been amazing?,2025-11-06 15:20:55,5
Reddit,bigpussystance,Same,2025-11-06 15:13:45,3
Reddit,Square-Success-4655,I think people are missing this nod to the utter power of music.,2025-11-08 15:56:05,1
Reddit,DivineDecadence85,Apologies for not being able to reach your dizzying intellectual heights.,2025-11-06 15:13:46,8
Reddit,RareHorse,That's understandable. It's not gonna have the same effect on everyone who went clubbing in the 90s. I guess it depends on the person.,2025-11-06 15:42:19,3
Reddit,CJBill,"Hits me on all counts (children, clubbing, John Lewis), can confirm.",2025-11-06 15:12:26,8
Reddit,seadoubleyou73,Too many ebeneezer goodes perhaps?,2025-11-06 16:19:37,3
Reddit,zoltan_g,"I'm lucky I guess, I get on really well with all my kids, always have done.

We share new music, old music sometimes.

Personally though, I love new music (not just dance) and don't listen to tunes that are 30 years old all the time.",2025-11-08 20:02:02,1
Reddit,Effective_Taro4601,Hang your head in shame.,2025-11-08 22:33:35,1
Reddit,IcyPuffin,Ah. Im a bit clueless as I dont watch TV and dont normally pay much attention to the latest batch of seasonal adverts. Couldn't be avoided this year though.,2025-11-06 15:32:37,1
Reddit,InnocentaMN,"Probably, I do buy from them quite often and I‚Äôve looked at this year‚Äôs Christmas range. I‚Äôm not saying it‚Äôs logical, but generating goodwill / good humour could have tipped me into buying something.",2025-11-06 15:24:50,-1
Reddit,Impossible_Theme_148,Yes - my wife had it in a yougov survey and so was even able to give feedback to say - this actively makes me want to avoid shopping there¬†,2025-11-06 15:29:24,2
Reddit,chewmypaws,"One thing it has done is to have created this exact debate. I have had the same conversation with friends, on Facebook and now reddit so I guess it resonates on some level.",2025-11-06 15:49:09,4
Reddit,ireddit_breddit,I was only following orders. Hard fought orders. I am ashamed.,2025-11-09 01:04:48,1
Reddit,cloud__19,"Fair enough, I don't think an advert has ever convinced me either way but I expect I get subconsciously influenced. If they had the best price I wouldn't give a shit how bad the advert was though!",2025-11-06 15:25:59,4
Reddit,InnocentaMN,"That‚Äôs very true about the best price. I literally looked at something on their app about three hours ago, and it seems to be better priced than the same item elsewhere (as far as I know, the only other site that sells it), so if I do go ahead with purchasing it, I will likely end up buying from JL after all. It‚Äôs not that I think the advert plays such a *massive* role, more that it didn‚Äôt engender any urge to buy / didn‚Äôt spark a festive feeling or wish to shop, for me. But I‚Äôm not in the demographic of the dad in it (a generation younger) so I guess it just missed me.",2025-11-06 15:30:51,1
